time_fs,max_abs_a0_z0,max_rel_pct_z0
0.03,0.000000e+00,nan
10.00,1.920609e-05,0.01598
20.00,1.663461e-04,0.00890
30.00,2.330262e-04,0.00887
40.01,2.228195e-04,0.00900
50.01,2.134117e-04,0.00958
